Left,Right
Wisconsin Lutheran Warriors,Green Bay Phoenix
Saint Francis U Red Flash,Buffalo Bulls
Rochester (MI) Warriors,Eastern Michigan Eagles
Kentucky Christian Knights,Morehead State Eagles
Johnson & Wales (CO) Wildcats,Air Force Falcons
Cedarville Yellow Jackets,Akron Zips
Mars Hill Lions,Appalachian State Mountaineers
Marist Red Foxes,Army West Point Black Knights
Arlington Baptist Patriots,Abilene Christian Wildcats
Indiana State Sycamores,Ball State Cardinals
Tiffin Dragons,Bowling Green Falcons
Concordia (MI) Cardinals,Central Michigan Chippewas
Presbyterian Blue Hose,Charleston Cougars
Newbury Nighthawks,Dartmouth Big Green
Cleveland State Vikings,Davidson Wildcats
City College of New York Beavers,Fordham Rams
Bob Jones University Bruins,Furman Paladins
Stony Brook Seawolves,George Washington Colonials
Penn Quakers,George Mason Patriots
East Tennessee State Buccaneers,Georgia State Panthers
Central Connecticut State Blue Devils,Hartford Hawks
MIT Engineers,Harvard Crimson
FGCU Eagles,Illinois State Redbirds
Florida A&M Rattlers,Jacksonville Dolphins
Eastern Mennonite Royals,James Madison Dukes
Michigan State Spartans,Kansas Jayhawks
College of New Rochelle Blue Angels,LIU Brooklyn Blackbirds
Rivier Raiders,New Hampshire Wildcats
Davis & Elkins Senators,Radford Highlanders
Bryant Bulldogs,Rhode Island Rams
Brevard College Tornados,South Carolina State Bulldogs
Gardner-Webb Runnin' Bulldogs,VCU Rams
Washington College Shoremen,VMI Keydets
Detroit Titans,Western Michigan Broncos
Mid-Atlantic Christian Mustangs,Hampton Pirates
Colgate Raiders,NJIT Highlanders
Randolph College Wildcats,Longwood Lancers
Wilmington (OH) Quakers,Northern Kentucky Norse
Sacred Heart Pioneers,Holy Cross Crusaders
UNCW Seahawks,Campbell Fighting Camels
Ferrum Panthers,Coastal Carolina Chanticleers
Delaware Fightin' Blue Hens,Maryland Terrapins
Massachusetts-Lowell River Hawks,Massachusetts Minutemen
UNCG Spartans,North Carolina A&T Aggies
East Texas Baptist Tigers,Sam Houston State Bearkats
North Alabama Lions,Samford Bulldogs
Texas Wesleyan Rams,Stephen F. Austin Lumberjacks
UIW Cardinals,Texas Tech Red Raiders
Oakland City Mighty Oaks,Austin Peay Governors
Louisiana-Monroe Warhawks,Jackson State Tigers
Huston-Tillotson Rams,Lamar Cardinals
Westcliff Warriors,Loyola Marymount Lions
Mississippi College Choctaws,Nicholls Colonels
Boston University Terriers,Northeastern Huskies
Rockford University Regents,Northern Illinois Huskies
Bemidji State Beavers,UNI Panthers
Southeast Missouri State Redhawks,Saint Louis Billikens
Oral Roberts Golden Eagles,Missouri State Bears
Texas-Tyler Patriots,UT Arlington Mavericks
Fort Valley State Wildcats,Troy Trojans
Texas A&M-Commerce Lions,UT Rio Grande Valley Vaqueros
Concordia University (IL) Cougars,Valparaiso Crusaders
Pacific Tigers,SIUE Cougars
Northland LumberJacks,North Dakota Fighting Hawks
Cornell Big Red,Binghamton Bearcats
Grand Canyon Antelopes,South Dakota State Jackrabbits
Univ. of the Virgin Islands Buccaneers,Louisiana Ragin' Cajuns
Sewanee Tigers,Lipscomb Bisons
Columbia International Rams,Charleston Southern Buccaneers
Elon Phoenix,Manhattan Jaspers
Lehigh Mountain Hawks,Monmouth Hawks
West Coast Baptist Eagles,Southern Utah Thunderbirds
Maine Black Bears,Denver Pioneers
UMKC Kangaroos,Loyola Chicago Ramblers
Utah State Aggies,Montana State Bobcats
Centenary Gentlemen,Northwestern State Demons
Westminster (UT) Griffins,Utah Valley Wolverines
Spring Hill Badgers,New Orleans Privateers
Cumberland University Phoenix,UT Martin Skyhawks
North Dakota State Bison,New Mexico State Aggies
Duke Blue Devils,Kentucky Wildcats
San Francisco Dons,UC Davis Aggies
Idaho Vandals,UC Irvine Anteaters
Alaska-Anchorage Seawolves,Fresno State Bulldogs
New Mexico Lobos,CSUN Matadors
Multnomah Lions,Portland Pilots
Weber State Wildcats,San Diego Toreros
UAPB Golden Lions,San Diego State Aztecs
UC Santa Barbara Gauchos,Wyoming Cowboys
Ohio State Buckeyes,Cincinnati Bearcats
North Florida Ospreys,Dayton Flyers
Carver College Cougars,Georgia Southern Eagles
Washington Adventist Shock,Howard Bison
Wilberforce Bulldogs,Ohio Bobcats
Bucknell Bison,St. Bonaventure Bonnies
Medgar Evers Cougars,St. Francis Brooklyn Terriers
Lafayette Leopards,Saint Peter's Peacocks
Johnson (FL) Suns,Stetson Hatters
High Point Panthers,William & Mary Tribe
Western Carolina Catamounts,Wright State Raiders
Wisconsin-Parkside Rangers,Bradley Braves
Howard Payne Yellow Jackets,Texas A&M-Corpus Christi Islanders
York (NE) Panthers,South Dakota Coyotes
Oglethorpe Stormy Petrels,Kennesaw State Owls
Colorado Christian Cougars,Colorado State Rams
Menlo Oaks,Cal Poly Mustangs
Cal State-Dominguez Hills Toros,Pepperdine Waves
Life Pacific Warriors,San Jose State Spartans
McNeese State Cowboys,Saint Mary's Gaels
SUNY-Canton Roos,Cornell Big Red
Hiwassee College Tigers,East Tennessee State Buccaneers
Siena Saints,George Washington Colonials
Maine-Fort Kent Bengals,Liberty Flames
Nicholls Colonels,Louisville Cardinals
St. Andrews Presbyterian Knights,UNC Asheville Bulldogs
Earlham Quakers,Purdue Fort Wayne Mastodons
Mid-Atlantic Christian Mustangs,Norfolk State Spartans
Southeastern University Fire,FGCU Eagles
Southeastern Oklahoma State Savage Storm,Little Rock Trojans
Southwestern Assemblies of God Lions,Stephen F. Austin Lumberjacks
Buena Vista Beavers,Drake Bulldogs
Southwestern University Pirates,Sam Houston State Bearkats
Hendrix College Warriors,Central Arkansas Bears
Alabama State Hornets,South Dakota State Jackrabbits
Puget Sound Loggers,Seattle Redhawks
Drexel Dragons,Eastern Michigan Eagles
Buena Vista Beavers,Omaha Mavericks
Antelope Valley Pioneers,Bakersfield Roadrunners
Indiana State Sycamores,Green Bay Phoenix
Vermont Catamounts,Boston University Terriers
Chicago State Cougars,Central Michigan Chippewas
North Carolina Central Eagles,Clemson Tigers
Monmouth Hawks,Colgate Raiders
Dartmouth Big Green,Davidson Wildcats
American University Eagles,George Mason Patriots
Northeastern Huskies,Harvard Crimson
New Hampshire Wildcats,Massachusetts Minutemen
Piedmont Lions,Mercer Bears
Lehigh Mountain Hawks,Miami (FL) Hurricanes
Northern Kentucky Norse,Northern Illinois Huskies
Toledo Rockets,Oakland Golden Grizzlies
DeSales Bulldogs,Princeton Tigers
Longwood Lancers,Richmond Spiders
Morgan State Bears,Saint Francis U Red Flash
Arkansas Razorbacks,Texas Longhorns
Hampton Pirates,VCU Rams
Coastal Carolina Chanticleers,Campbell Fighting Camels
Lamar Cardinals,Georgia Tech Yellow Jackets
Brown Bears,LIU Brooklyn Blackbirds
Austin Peay Governors,Mississippi State Bulldogs
Jacksonville State Gamecocks,Samford Bulldogs
Mount St. Mary's Mountaineers,Hofstra Pride
Blue Mountain College Toppers,Alcorn State Braves
Furman Paladins,Loyola Chicago Ramblers
Southwestern Moundbuilders,Oral Roberts Golden Eagles
William Carey Crusaders,Southeastern Louisiana Lions
Robert Morris Colonials,Missouri State Bears
Air Force Falcons,Texas State Bobcats
Our Lady of the Lake Saints,Texas A&M-Corpus Christi Islanders
NJIT Highlanders,Binghamton Bearcats
St. Francis (IL) Fighting Saints,UIW Cardinals
Albany Great Danes,Iona Gaels
Jarvis Christian Bulldogs,Grambling State Tigers
Georgia State Panthers,Montana Grizzlies
UTEP Miners,New Mexico State Aggies
Colorado College Tigers,Northern Colorado Bears
UIC Flames,Radford Highlanders
Mississippi Valley State Delta Devils,Texas Tech Red Raiders
Hartford Hawks,Utah State Aggies
Arkansas State Red Wolves,Abilene Christian Wildcats
Bethesda Flames,Weber State Wildcats
Utah Valley Wolverines,BYU Cougars
San Diego Toreros,UC Davis Aggies
Prairie View A&M Panthers,Santa Clara Broncos
San Diego Christian Hawks,California Baptist Lancers
Simpson University (CA) Red Hawks,Sacramento State Hornets
Portland Pilots,Hawaii Rainbow Warriors
Charleston Cougars,Western Carolina Catamounts
Tuskegee Golden Tigers,Florida A&M Rattlers
Shenandoah Hornets,UMBC Retrievers
Millsaps Majors,Louisiana-Monroe Warhawks
Eastern Illinois Panthers,IUPUI Jaguars
Wagner Seahawks,Massachusetts-Lowell River Hawks
Southeast Missouri State Redhawks,Bradley Braves
Jacksonville Dolphins,Northern Arizona Lumberjacks
Jackson State Tigers,St. Bonaventure Bonnies
North Carolina A&T Aggies,Wake Forest Demon Deacons
Wofford Terriers,High Point Panthers
Lafayette Leopards,La Salle Explorers
North Park Vikings,Western Illinois Leathernecks
UAPB Golden Lions,Colorado State Rams
Brevard College Tornados,USC Upstate Spartans
Tennessee State Tigers,Lipscomb Bisons
Youngstown State Penguins,Akron Zips
William & Mary Tribe,Duquesne Dukes
West Coast Baptist Eagles,Cal State Fullerton Titans
Maine Black Bears,San Francisco Dons
Bemidji State Beavers,South Dakota State Jackrabbits
Delaware Fightin' Blue Hens,Saint Peter's Peacocks
Fairfield Stags,Bucknell Bison
Coppin State Eagles,Dayton Flyers
Menlo Oaks,Long Beach State 49ers
Columbia Lions,Marist Red Foxes
Eastern Kentucky Colonels,Chattanooga Mocs
Presbyterian Blue Hose,Tennessee Tech Golden Eagles
Wilberforce Bulldogs,Toledo Rockets
North Dakota Fighting Hawks,Milwaukee Panthers
Clarion Golden Eagles,Norfolk State Spartans
Kent State Golden Flashes,Cleveland State Vikings
Holy Cross Crusaders,Michigan Wolverines
Illinois State Redbirds,Belmont Bruins
Fordham Rams,Houston Baptist Huskies
Wright State Raiders,Murray State Racers
Troy Trojans,Saint Louis Billikens
UNI Panthers,UT Arlington Mavericks
Winthrop Eagles,SIUE Cougars
Texas-Tyler Patriots,UIW Cardinals
Idaho State Bengals,Boise State Broncos
Delaware State Hornets,Grand Canyon Antelopes
Southern Utah Thunderbirds,San Jose State Spartans
Blue Mountain College Toppers,North Alabama Lions
Loyola Marymount Lions,UNLV Runnin' Rebels
CSUN Matadors,Pepperdine Waves
UC Riverside Highlanders,Portland State Vikings
Humboldt State Lumberjacks,Hawaii Rainbow Warriors
St. Francis Brooklyn Terriers,Boston College Eagles
Emerson Lions,Boston University Terriers
Colgate Raiders,Cornell Big Red
Goucher Gophers,VMI Keydets
Goshen Maple Leafs,Eastern Michigan Eagles
Brown Bears,NJIT Highlanders
UC Santa Barbara Gauchos,North Dakota State Bison
Drexel Dragons,Rutgers Scarlet Knights
Central Pennsylvania College Knights,Howard Bison
Stetson Hatters,Missouri State Bears
Middle Georgia State Knights,Savannah State Tigers
Wesley College Wolverines,Towson Tigers
Dartmouth Big Green,Loyola Maryland Greyhounds
Huntingdon Hawks,South Alabama Jaguars
Wabash Little Giants,Northern Kentucky Norse
LaGrange Panthers,Alabama State Hornets
Utah Valley Wolverines,Saint Mary's Gaels
Presentation Saints,Montana State Bobcats
Bryant Bulldogs,Seattle Redhawks
Mount Saint Vincent Dolphins,New Hampshire Wildcats
Mid-Atlantic Christian Mustangs,Citadel Bulldogs
Bridgewater (VA) Eagles,James Madison Dukes
North Carolina A&T Aggies,Maryland Terrapins
Manhattan Jaspers,UMBC Retrievers
Midway Eagles,Miami (OH) RedHawks
St. Bonaventure Bonnies,Niagara Purple Eagles
Campbell Fighting Camels,Ohio Bobcats
Welch Flames,Presbyterian Blue Hose
Austin Peay Governors,South Florida Bulls
Monmouth Hawks,Saint Joseph's Hawks
Bowling Green Falcons,VCU Rams
Heidelberg Student Princes,Youngstown State Penguins
Misericordia Cougars,Binghamton Bearcats
Kennesaw State Owls,Samford Bulldogs
Quincy Hawks,Southeast Missouri State Redhawks
Western New England Golden Bears,Sacred Heart Pioneers
UIC Flames,Duquesne Dukes
Pensacola Christian College Eagles,New Orleans Privateers
UT Rio Grande Valley Vaqueros,Texas A&M-Corpus Christi Islanders
University of the Ozarks Eagles,Central Arkansas Bears
Northern Arizona Lumberjacks,South Dakota Coyotes
Texas Lutheran Bulldogs,UIW Cardinals
Missouri Baptist Spartans,Arkansas State Red Wolves
Jacksonville Dolphins,Grand Canyon Antelopes
Montana Tech Orediggers,Montana Grizzlies
Life Pacific Warriors,UC Irvine Anteaters
Sonoma State Seawolves,San Francisco Dons
Trinity Baptist Eagles,Bethune-Cookman Wildcats
Canisius Golden Griffins,Bucknell Bison
Massachusetts-Lowell River Hawks,Central Connecticut State Blue Devils
Rhode Island Rams,Charleston Cougars
Urbana Blue Knights,Cleveland State Vikings
Elms College Blazers,Dartmouth Big Green
Chestnut Hill Griffins,Delaware Fightin' Blue Hens
Midway Eagles,Eastern Kentucky Colonels
Gardner-Webb Runnin' Bulldogs,Furman Paladins
George Mason Patriots,Georgia Southern Eagles
Mercer Bears,Georgia State Panthers
Regent Royals,Howard Bison
Shawnee State Bears,Kent State Golden Flashes
Marist Red Foxes,Lehigh Mountain Hawks
Delaware State Hornets,Loyola Maryland Greyhounds
Harvard Crimson,Massachusetts Minutemen
Longwood Lancers,Maryland Eastern Shore Hawks
Stephen F. Austin Lumberjacks,Miami (FL) Hurricanes
UNCG Spartans,UNCW Seahawks
Western Michigan Broncos,Oakland Golden Grizzlies
Lafayette Leopards,Penn Quakers
Hardin-Simmons Cowboys,Texas State Bobcats
Cumberland University Phoenix,Chattanooga Mocs
SUNY-Cortland Red Dragons,Wagner Seahawks
Pfeiffer Falcons,Winthrop Eagles
Carver College Cougars,Wofford Terriers
Manchester Spartans,Purdue Fort Wayne Mastodons
Tennessee Tech Golden Eagles,Savannah State Tigers
South Carolina State Bulldogs,Charleston Southern Buccaneers
LIU Brooklyn Blackbirds,Fairfield Stags
Chicago State Cougars,Illinois State Redbirds
California Baptist Lancers,Oral Roberts Golden Eagles
North Alabama Lions,Saint Louis Billikens
Little Rock Trojans,Tennessee State Tigers
Trevecca Nazarene Trojans,Liberty Flames
Northwestern State Demons,BYU Cougars
CSUN Matadors,Loyola Marymount Lions
Iona Gaels,New Mexico Lobos
Pepperdine Waves,Northern Colorado Bears
Mississippi Valley State Delta Devils,Utah State Aggies
Nicholls Colonels,Idaho Vandals
UC Riverside Highlanders,UNLV Runnin' Rebels
Cal State-Stanislaus Warriors,Pacific Tigers
Cal Lutheran Kingsmen,UC Santa Barbara Gauchos
St. Francis Brooklyn Terriers,Richmond Spiders
Michigan Wolverines,Villanova Wildcats
Nazareth College Golden Flyers,Colgate Raiders
Johnson (FL) Suns,Citadel Bulldogs
Bryn Athyn Lions,Drexel Dragons
Queens College Knights,Fairleigh Dickinson Knights
North Carolina A&T Aggies,Hofstra Pride
McKendree Bearcats,Indiana State Sycamores
Coppin State Eagles,Navy Midshipmen
Edward Waters Tigers,North Florida Ospreys
Northern Vermont Hornets,Vermont Catamounts
USC Upstate Spartans,VMI Keydets
Toledo Rockets,Wright State Raiders
Kean Cougars,NJIT Highlanders
Saint Peter's Peacocks,Bryant Bulldogs
Mount Aloysius Mounties,Robert Morris Colonials
Miles Golden Bears,Samford Bulldogs
Boston University Terriers,Albany Great Danes
Birmingham-Southern Panthers,Alabama State Hornets
Jacksonville State Gamecocks,Bradley Braves
Niagara Purple Eagles,Loyola Chicago Ramblers
Prairie View A&M Panthers,UT Rio Grande Valley Vaqueros
Dominican (IL) Stars,Western Illinois Leathernecks
Northern Arizona Lumberjacks,Omaha Mavericks
Montana State Bobcats,Colorado State Rams
Saint Mary's Gaels,New Mexico State Aggies
Grambling State Tigers,Wyoming Cowboys
Texas Southern Tigers,San Diego State Aztecs
Boyce Bulldogs,Presbyterian Blue Hose
Bakersfield Roadrunners,Central Michigan Chippewas
Johnson (FL) Suns,Bethune-Cookman Wildcats
North Carolina Central Eagles,Bowling Green Falcons
Delaware Fightin' Blue Hens,Cornell Big Red
Kentucky Wesleyan Panthers,Evansville Aces
Milligan Buffaloes,Elon Phoenix
North Greenville Crusaders,Furman Paladins
Lincoln (PA) Lions,Morgan State Bears
Carver College Cougars,Tennessee State Tigers
Hartford Hawks,Quinnipiac Bobcats
Belmont Bruins,Lipscomb Bisons
Monmouth Hawks,West Virginia Mountaineers
William & Mary Tribe,UIC Flames
San Jose State Spartans,Weber State Wildcats
Oral Roberts Golden Eagles,BYU Cougars
Abilene Christian Wildcats,Denver Pioneers
Pacific Tigers,Idaho State Bengals
Oregon Ducks,Iowa Hawkeyes
Detroit Titans,California Golden Bears
San Diego Christian Hawks,San Diego Toreros
UC Irvine Anteaters,Santa Clara Broncos
Montana Grizzlies,UIW Cardinals
Austin Peay Governors,Central Connecticut State Blue Devils
Florida A&M Rattlers,Campbell Fighting Camels
Miami (OH) RedHawks,North Dakota State Bison
Air Force Falcons,UMBC Retrievers
Coastal Carolina Chanticleers,Manhattan Jaspers
Sacred Heart Pioneers,Army West Point Black Knights
Jacksonville Dolphins,Southeast Missouri State Redhawks
Morehead State Eagles,UMKC Kangaroos
UNI Panthers,Penn Quakers
Stony Brook Seawolves,Holy Cross Crusaders
High Point Panthers,South Dakota Coyotes
Valparaiso Crusaders,Monmouth Hawks
Chicago State Cougars,Akron Zips
New Hampshire Wildcats,American University Eagles
South Carolina State Bulldogs,Cleveland State Vikings
Purdue Fort Wayne Mastodons,Dayton Flyers
NYIT Bears,Fairleigh Dickinson Knights
Liberty Flames,Kent State Golden Flashes
Hofstra Pride,Maryland Terrapins
Howard Bison,Massachusetts Minutemen
UT Martin Skyhawks,Mercer Bears
Johnson & Wales (NC) Wildcats,UNCG Spartans
Harvard Crimson,Rhode Island Rams
IUPUI Jaguars,Richmond Spiders
Gardner-Webb Runnin' Bulldogs,Savannah State Tigers
Delaware State Hornets,Longwood Lancers
UNC Asheville Bulldogs,Northern Kentucky Norse
Massachusetts-Lowell River Hawks,Brown Bears
Loyola (LA) Wolfpack,McNeese State Cowboys
Grambling State Tigers,Loyola Chicago Ramblers
Spalding Golden Eagles,Murray State Racers
Towson Tigers,Pepperdine Waves
Texas A&M-Corpus Christi Islanders,UT Arlington Mavericks
South Dakota State Jackrabbits,FGCU Eagles
Green Bay Phoenix,Eastern Washington Eagles
Chattanooga Mocs,South Alabama Jaguars
Weber State Wildcats,Central Michigan Chippewas
Princeton Tigers,Lehigh Mountain Hawks
Norfolk State Spartans,Siena Saints
Columbia Lions,Youngstown State Penguins
Arkansas State Red Wolves,Grand Canyon Antelopes
Arizona State Sun Devils,San Francisco Dons
Utah Valley Wolverines,Utah State Aggies
Niagara Purple Eagles,Wyoming Cowboys
Cal Poly Mustangs,Sacramento State Hornets
Jackson State Tigers,Boise State Broncos
Oakland Golden Grizzlies,UNLV Runnin' Rebels
Wofford Terriers,Stanford Cardinal
UIW Cardinals,North Dakota State Bison
Radford Highlanders,Duquesne Dukes
Wagner Seahawks,Fairfield Stags
Aquinas College Saints,Western Michigan Broncos
Boston University Terriers,Eastern Michigan Eagles
East Tennessee State Buccaneers,Winthrop Eagles
Texas State Bobcats,Drake Bulldogs
Prairie View A&M Panthers,Lamar Cardinals
Illinois Tech Scarlet Hawks,Northern Illinois Huskies
North Florida Ospreys,Wright State Raiders
UC Davis Aggies,Texas A&M-Corpus Christi Islanders
Massachusetts-Lowell River Hawks,Army West Point Black Knights
Albany Great Danes,Canisius Golden Griffins
Youngstown State Penguins,Fordham Rams
Southern University Jaguars,George Mason Patriots
Drexel Dragons,La Salle Explorers
Hiwassee College Tigers,Western Carolina Catamounts
Cornell Big Red,NJIT Highlanders
Minnesota-Morris Cougars,North Dakota Fighting Hawks
Morehead State Eagles,Green Bay Phoenix
UNC Asheville Bulldogs,Coastal Carolina Chanticleers
Montana Grizzlies,Miami (OH) RedHawks
Montana State Bobcats,UC Santa Barbara Gauchos
Stetson Hatters,Southeastern Louisiana Lions
UNI Panthers,Eastern Kentucky Colonels
Chattanooga Mocs,Southeast Missouri State Redhawks
Sacred Heart Pioneers,Brown Bears
Alabama A&M Bulldogs,BYU Cougars
New Mexico State Aggies,New Mexico Lobos
San Jose State Spartans,Bakersfield Roadrunners
UMKC Kangaroos,Eastern Washington Eagles
Mississippi Valley State Delta Devils,Robert Morris Colonials
California Merced Bobcats,UC Riverside Highlanders
Manhattan Jaspers,Northern Kentucky Norse
Western Illinois Leathernecks,Eastern Illinois Panthers
Bradley Braves,UIC Flames
Georgia Southern Eagles,Pepperdine Waves
Jacksonville Dolphins,South Alabama Jaguars
UAPB Golden Lions,Southern Illinois Salukis
Fisk University Bulldogs,Tennessee State Tigers
High Point Panthers,UMBC Retrievers
Stony Brook Seawolves,Norfolk State Spartans
Portland Pilots,CSUN Matadors
Willamette Bearcats,Portland State Vikings
Ball State Cardinals,Appalachian State Mountaineers
Holy Cross Crusaders,Siena Saints
North Dakota State Bison,Towson Tigers
Texas Southern Tigers,Evansville Aces
UC Davis Aggies,UT Arlington Mavericks
Cal State Fullerton Titans,Monmouth Hawks
Sacred Heart Pioneers,Massachusetts-Lowell River Hawks
Wilmington (DE) Wildcats,Delaware Fightin' Blue Hens
St. Francis Brooklyn Terriers,Lafayette Leopards
Bryant Bulldogs,Navy Midshipmen
Allen Yellow Jackets,UNCW Seahawks
Warren Wilson Owls,North Carolina Central Eagles
Central Arkansas Bears,Troy Trojans
Austin Peay Governors,Campbell Fighting Camels
UNC Asheville Bulldogs,Manhattan Jaspers
Air Force Falcons,South Dakota Coyotes
Army West Point Black Knights,Brown Bears
Alcorn State Braves,Kent State Golden Flashes
Southern Utah Thunderbirds,Seattle Redhawks
Jacksonville Dolphins,Chattanooga Mocs
Samford Bulldogs,Cleveland State Vikings
Columbia Lions,Fordham Rams
Bethesda Flames,Idaho Vandals
San Jose State Spartans,Central Michigan Chippewas
Northeastern Huskies,Davidson Wildcats
Tennessee Tech Golden Eagles,Michigan State Spartans
Miami (OH) RedHawks,Pepperdine Waves
Ohio Bobcats,Loyola Marymount Lions
Coastal Carolina Chanticleers,Northern Kentucky Norse
Montana Grizzlies,Georgia Southern Eagles
LIU Brooklyn Blackbirds,San Francisco Dons
Bakersfield Roadrunners,Weber State Wildcats
Florida A&M Rattlers,Central Connecticut State Blue Devils
Northern Arizona Lumberjacks,Hawaii Rainbow Warriors
Kennesaw State Owls,Eastern Kentucky Colonels
Hartford Hawks,Utah Valley Wolverines
Jackson State Tigers,Sam Houston State Bearkats
Louisiana Ragin' Cajuns,Colorado State Rams
St. Bonaventure Bonnies,Georgia State Panthers
Iona Gaels,Long Beach State 49ers
Bowling Green Falcons,Hampton Pirates
Air Force Falcons,High Point Panthers
Loyola Chicago Ramblers,Richmond Spiders
Binghamton Bearcats,Colgate Raiders
College of Saint Elizabeth Eagles,Delaware State Hornets
Chicago State Cougars,East Tennessee State Buccaneers
UAPB Golden Lions,Massachusetts Minutemen
Prairie View A&M Panthers,UNCG Spartans
Defiance Yellow Jackets,Oakland Golden Grizzlies
Coppin State Eagles,Rider Broncs
Eastern Michigan Eagles,Rutgers Scarlet Knights
Robert Morris Colonials,Stetson Hatters
SUNY-Oneonta Red Dragons,Albany Great Danes
Trinity Baptist Eagles,Charleston Southern Buccaneers
Loyola Maryland Greyhounds,Detroit Titans
Toledo Rockets,FGCU Eagles
Arlington Baptist Patriots,Lamar Cardinals
Ecclesia Royals,Oral Roberts Golden Eagles
Howard Bison,Southern Illinois Salukis
Southeast Missouri State Redhawks,South Alabama Jaguars
Utah State Aggies,Saint Mary's Gaels
UMBC Retrievers,South Dakota Coyotes
Bethesda Flames,Idaho State Bengals
Lewis & Clark Pioneers,Portland Pilots
Akron Zips,Illinois State Redbirds
Western Carolina Catamounts,Jacksonville State Gamecocks
Colorado State Rams,FGCU Eagles
Jackson State Tigers,Chicago State Cougars
St. Bonaventure Bonnies,Boise State Broncos
Hampton Pirates,Loyola Maryland Greyhounds
Methodist Monarchs,Coastal Carolina Chanticleers
Sam Houston State Bearkats,East Tennessee State Buccaneers
North Carolina Central Eagles,George Mason Patriots
Citadel Bulldogs,James Madison Dukes
Savannah State Tigers,Kent State Golden Flashes
Maryland Eastern Shore Hawks,Mercer Bears
Southeastern Louisiana Lions,Mississippi Valley State Delta Devils
Navy Midshipmen,Morgan State Bears
Quinnipiac Bobcats,New Hampshire Wildcats
Kentucky Christian Knights,VMI Keydets
NJIT Highlanders,Wagner Seahawks
Radford Highlanders,William & Mary Tribe
South Carolina State Bulldogs,Purdue Fort Wayne Mastodons
Regent Royals,Norfolk State Spartans
Holy Cross Crusaders,Albany Great Danes
Martin Methodist RedHawks,North Alabama Lions
Trevecca Nazarene Trojans,Belmont Bruins
Bowling Green Falcons,Detroit Titans
Mobile Rams,McNeese State Cowboys
Louisiana Ragin' Cajuns,Toledo Rockets
Omaha Mavericks,Bethune-Cookman Wildcats
LIU Brooklyn Blackbirds,Milwaukee Panthers
Concordia (NE) Bulldogs,North Dakota Fighting Hawks
Champion Baptist College Tigers,Grambling State Tigers
Marist Red Foxes,Stephen F. Austin Lumberjacks
Pacific Tigers,UNLV Runnin' Rebels
Tennessee State Tigers,CSUN Matadors
UC Davis Aggies,Sacramento State Hornets
Akron Zips,St. Bonaventure Bonnies
Illinois State Redbirds,Boise State Broncos
South Dakota State Jackrabbits,Colorado State Rams
Hartford Hawks,Iona Gaels
Salve Regina Seahawks,Brown Bears
Boston University Terriers,Drexel Dragons
Jacksonville State Gamecocks,North Florida Ospreys
Western Illinois Leathernecks,UT Martin Skyhawks
Utah Valley Wolverines,Long Beach State 49ers
North Carolina A&T Aggies,Mount St. Mary's Mountaineers
Richmond Spiders,Wyoming Cowboys
Lehigh Mountain Hawks,Siena Saints
Molloy Lions,Stony Brook Seawolves
Southern Wesleyan Warriors,Furman Paladins
Cal State Fullerton Titans,Hofstra Pride
Florida Memorial Lions,Jacksonville Dolphins
Drake Bulldogs,UMKC Kangaroos
Fairleigh Dickinson Knights,Princeton Tigers
Yale Bulldogs,Vermont Catamounts
Coppin State Eagles,Wofford Terriers
Westminster (PA) Titans,Youngstown State Penguins
SUNY-Maritime Privateers,Army West Point Black Knights
Loyola Chicago Ramblers,Boston College Eagles
Texas State Bobcats,Cal Poly Mustangs
UC Irvine Anteaters,Toledo Rockets
Eastern New Mexico Greyhounds,New Mexico State Aggies
SIUE Cougars,Valparaiso Crusaders
St. Mary's (TX) Rattlers,Texas A&M-Corpus Christi Islanders
Northern Colorado Bears,UIW Cardinals
Central Connecticut State Blue Devils,Loyola Marymount Lions
USC Upstate Spartans,Portland Pilots
Harvard Crimson,San Francisco Dons
Southern Illinois Salukis,Massachusetts Minutemen
UC Riverside Highlanders,Pacific Tigers
Elon Phoenix,Abilene Christian Wildcats
Oral Roberts Golden Eagles,Northern Illinois Huskies
Southern University Jaguars,Western Michigan Broncos
VMI Keydets,Stetson Hatters
Mars Hill Lions,Wofford Terriers
California Baptist Lancers,UAPB Golden Lions
Alcorn State Braves,Liberty Flames
Massachusetts-Boston Beacons,Massachusetts-Lowell River Hawks
James Madison Dukes,Oakland Golden Grizzlies
Nicholls Colonels,North Carolina Central Eagles
Denver Pioneers,Seattle Redhawks
Coppin State Eagles,Charleston Southern Buccaneers
Chattanooga Mocs,Michigan Wolverines
Grambling State Tigers,Niagara Purple Eagles
Gardner-Webb Runnin' Bulldogs,Eastern Illinois Panthers
Howard Bison,Little Rock Trojans
Fairfield Stags,Longwood Lancers
UNCG Spartans,Delaware Fightin' Blue Hens
Portland State Vikings,UC Santa Barbara Gauchos
Louisiana-Monroe Warhawks,Tennessee Tech Golden Eagles
Samford Bulldogs,Purdue Fort Wayne Mastodons
St. Francis Brooklyn Terriers,IUPUI Jaguars
UNCW Seahawks,Arkansas State Red Wolves
Mississippi College Choctaws,McNeese State Cowboys
Alabama A&M Bulldogs,Northwestern State Demons
Texas State Bobcats,USC Upstate Spartans
Cleveland State Vikings,Ohio State Buckeyes
Lamar Cardinals,UT Rio Grande Valley Vaqueros
Albany Great Danes,Milwaukee Panthers
Abilene Christian Wildcats,Pacific Tigers
Northwest Nazarene Crusaders,Idaho Vandals
Southern Utah Thunderbirds,UNLV Runnin' Rebels
Cal Poly Mustangs,Portland Pilots
UC Riverside Highlanders,Elon Phoenix
Southern University Jaguars,North Carolina Central Eagles
Northern Illinois Huskies,James Madison Dukes
North Alabama Lions,Troy Trojans
Northeastern Huskies,Davidson Wildcats
American University Eagles,UMBC Retrievers
Governors State Jaguars,New Orleans Privateers
Western Michigan Broncos,Nicholls Colonels
Savannah State Tigers,Alcorn State Braves
Evansville Aces,Ball State Cardinals
Chicago State Cougars,Bradley Braves
Detroit Titans,Eastern Michigan Eagles
Western New England Golden Bears,Hartford Hawks
California Baptist Lancers,Howard Bison
NJIT Highlanders,LIU Brooklyn Blackbirds
Army West Point Black Knights,Miami (OH) RedHawks
Austin Peay Governors,Ohio Bobcats
Stockton Ospreys,Penn Quakers
Stony Brook Seawolves,Rhode Island Rams
Colgate Raiders,Siena Saints
Rider Broncs,Wagner Seahawks
Jacksonville Dolphins,Western Carolina Catamounts
Warren Wilson Owls,Winthrop Eagles
Sacred Heart Pioneers,Binghamton Bearcats
Montana State Bobcats,Omaha Mavericks
Oral Roberts Golden Eagles,Oakland Golden Grizzlies
Longwood Lancers,Denver Pioneers
Lindenwood Lions,Illinois State Redbirds
Avila Eagles,UMKC Kangaroos
Princeton Tigers,Monmouth Hawks
North Dakota State Bison,East Tennessee State Buccaneers
Manhattan Jaspers,George Washington Colonials
Central Pennsylvania College Knights,Maryland Eastern Shore Hawks
Central Arkansas Bears,Saint Louis Billikens
Saint Joseph's Hawks,William & Mary Tribe
Grambling State Tigers,IUPUI Jaguars
Belmont Bruins,Kennesaw State Owls
Wisconsin-Parkside Rangers,UIC Flames
UAPB Golden Lions,Little Rock Trojans
Eastern Illinois Panthers,Arkansas State Red Wolves
Dartmouth Big Green,San Francisco Dons
USC Upstate Spartans,Cal Poly Mustangs
Santa Clara Broncos,San Jose State Spartans
Fairfield Stags,Seattle Redhawks
North Dakota Fighting Hawks,Utah Valley Wolverines
St. Francis Brooklyn Terriers,Niagara Purple Eagles
Hofstra Pride,VCU Rams
Northwest Nazarene Crusaders,Portland State Vikings
UNCW Seahawks,Gardner-Webb Runnin' Bulldogs
Missouri State Bears,Murray State Racers
Texas State Bobcats,Portland Pilots
UC Riverside Highlanders,Abilene Christian Wildcats
Harvard Crimson,Saint Mary's Gaels
UC Santa Barbara Gauchos,Idaho Vandals
Jackson State Tigers,San Diego Toreros
Cal State Fullerton Titans,Sacramento State Hornets
Florida A&M Rattlers,Loyola Marymount Lions
Elon Phoenix,Pacific Tigers
James Madison Dukes,Oral Roberts Golden Eagles
Siena Heights Saints,Central Michigan Chippewas
Massachusetts-Lowell River Hawks,Duquesne Dukes
UNCW Seahawks,Eastern Illinois Panthers
Mount St. Mary's Mountaineers,Morgan State Bears
St. Joseph's (NY-Brooklyn) Bears,Columbia Lions
Alabama A&M Bulldogs,Fordham Rams
Savannah State Tigers,Liberty Flames
Bucknell Bison,Vermont Catamounts
Maine Black Bears,Quinnipiac Bobcats
Lipscomb Bisons,Morehead State Eagles
Northern Illinois Huskies,Oakland Golden Grizzlies
Drexel Dragons,Bowling Green Falcons
Fairfield Stags,Denver Pioneers
Lafayette Leopards,Fairleigh Dickinson Knights
UIW Cardinals,SIUE Cougars
Gardner-Webb Runnin' Bulldogs,Arkansas State Red Wolves
Pine Manor Gators,Central Connecticut State Blue Devils
Furman Paladins,UNC Asheville Bulldogs
Fresno State Bulldogs,Hawaii Rainbow Warriors
Purdue Fort Wayne Mastodons,Cleveland State Vikings
St. Edwards Hilltoppers,Stephen F. Austin Lumberjacks
Bryant Bulldogs,Brown Bears
Hampton Pirates,Richmond Spiders
Longwood Lancers,Seattle Redhawks
Loyola Maryland Greyhounds,Towson Tigers
Bakersfield Roadrunners,USC Trojans
South Carolina State Bulldogs,Samford Bulldogs
La Salle Explorers,Grand Canyon Antelopes
Winston-Salem State Rams,Appalachian State Mountaineers
Stetson Hatters,Bethune-Cookman Wildcats
Glenville State Pioneers,Radford Highlanders
Louisiana College Wildcats,Southeastern Louisiana Lions
Texas A&M-Corpus Christi Islanders,UT Rio Grande Valley Vaqueros
Idaho State Bengals,Pepperdine Waves
Bloomsburg Huskies,Saint Francis U Red Flash
Hartford Hawks,Sacred Heart Pioneers
Howard Payne Yellow Jackets,Abilene Christian Wildcats
Tiffin Dragons,Ball State Cardinals
High Point Panthers,Citadel Bulldogs
Central Pennsylvania College Knights,Elon Phoenix
East Tennessee State Buccaneers,Georgia Southern Eagles
Wiley Wildcats,Southern University Jaguars
Brewton-Parker College Barons,Mercer Bears
Greensboro Pride,UNCG Spartans
Iona Gaels,Ohio Bobcats
Hiwassee College Tigers,Chattanooga Mocs
American University Eagles,VMI Keydets
Cedarville Yellow Jackets,Wright State Raiders
Stony Brook Seawolves,Norfolk State Spartans
Penn Quakers,Delaware State Hornets
Louisiana-Monroe Warhawks,Northwestern State Demons
Missouri Science & Technology Miners,Southeast Missouri State Redhawks
Northern Kentucky Norse,Morehead State Eagles
Boise State Broncos,Drake Bulldogs
Southern Illinois Salukis,Colorado State Rams
North Dakota Fighting Hawks,Montana State Bobcats
Eastern Washington Eagles,Washington Huskies
Benedictine Mesa Redhawks,Weber State Wildcats
West Coast Baptist Eagles,Idaho Vandals
Jackson State Tigers,San Diego State Aztecs
Carver College Cougars,Jacksonville State Gamecocks
Alabama State Hornets,Akron Zips
Northeastern Huskies,Bucknell Bison
South Carolina State Bulldogs,Charleston Cougars
Kent State Golden Flashes,Detroit Titans
NJIT Highlanders,Drexel Dragons
Wyoming Cowboys,Evansville Aces
Vermont Catamounts,George Washington Colonials
Morgan State Bears,George Mason Patriots
Holy Cross Crusaders,Harvard Crimson
Siena Saints,Hofstra Pride
Cornell Big Red,Lafayette Leopards
Princeton Tigers,Maine Black Bears
Quinnipiac Bobcats,Massachusetts Minutemen
Liberty Flames,Navy Midshipmen
Boston University Terriers,New Hampshire Wildcats
St. Francis Brooklyn Terriers,Presbyterian Blue Hose
Brown Bears,Rhode Island Rams
Youngstown State Penguins,Robert Morris Colonials
Canisius Golden Griffins,St. Bonaventure Bonnies
UIC Flames,Saint Joseph's Hawks
Winthrop Eagles,Tennessee Tech Golden Eagles
North Alabama Lions,Toledo Rockets
Christendom College Crusaders,North Carolina Central Eagles
Bradley Braves,IUPUI Jaguars
Gardner-Webb Runnin' Bulldogs,USC Upstate Spartans
Yale Bulldogs,Bryant Bulldogs
Binghamton Bearcats,Army West Point Black Knights
Central Michigan Chippewas,Sam Houston State Bearkats
Purdue Fort Wayne Mastodons,Eastern Illinois Panthers
BYU Cougars,Illinois State Redbirds
Rust College Bearcats,Mississippi Valley State Delta Devils
Louisiana Ragin' Cajuns,New Orleans Privateers
Spring Hill Badgers,Nicholls Colonels
SIUE Cougars,Western Illinois Leathernecks
Northern Illinois Huskies,Green Bay Phoenix
Little Rock Trojans,Central Arkansas Bears
UMKC Kangaroos,South Dakota State Jackrabbits
Northern Colorado Bears,Denver Pioneers
UNI Panthers,Utah State Aggies
Western State Mountaineers,Utah Valley Wolverines
Missouri State Bears,Air Force Falcons
Pacific Tigers,Fresno State Bulldogs
Indiana State Sycamores,San Jose State Spartans
Northwest University Eagles,Seattle Redhawks
UC Irvine Anteaters,Saint Mary's Gaels
Valparaiso Crusaders,UNLV Runnin' Rebels
Marist Red Foxes,Dartmouth Big Green
LIU Brooklyn Blackbirds,Albany Great Danes
Trinity Baptist Eagles,Campbell Fighting Camels
Coppin State Eagles,James Madison Dukes
Hampton Pirates,Norfolk State Spartans
Central Connecticut State Blue Devils,North Carolina A&T Aggies
Belmont Bruins,Samford Bulldogs
East-West University Phantoms,Chicago State Cougars
Austin Peay Governors,Troy Trojans
Florida A&M Rattlers,North Florida Ospreys
San Diego Christian Hawks,Southern Utah Thunderbirds
Huston-Tillotson Rams,Texas Southern Tigers
Montana-Western Bulldogs,Idaho State Bengals
Northern Arizona Lumberjacks,UC Davis Aggies
Bethesda Flames,Loyola Marymount Lions
Sacramento State Hornets,UC Santa Barbara Gauchos
Jackson State Tigers,Santa Clara Broncos
California Baptist Lancers,UC Riverside Highlanders
Milwaukee Panthers,Buffalo Bulls
San Francisco Dons,Stephen F. Austin Lumberjacks
Ohio Chillicothe Hilltoppers,Morehead State Eagles
Dartmouth Big Green,Albany Great Danes
Marist Red Foxes,LIU Brooklyn Blackbirds
Wagner Seahawks,American University Eagles
Delaware Fightin' Blue Hens,Maryland Eastern Shore Hawks
Niagara Purple Eagles,Saint Francis U Red Flash
Vermont Catamounts,Towson Tigers
UMBC Retrievers,Northern Kentucky Norse
Milwaukee Panthers,Stephen F. Austin Lumberjacks
Rust College Bearcats,Alcorn State Braves
Fairfield Stags,Army West Point Black Knights
Mercer Bears,Citadel Bulldogs
Mount St. Mary's Mountaineers,Loyola Maryland Greyhounds
Ball State Cardinals,IUPUI Jaguars
Jacksonville State Gamecocks,North Alabama Lions
New Hampshire Wildcats,Bryant Bulldogs
Fairleigh Dickinson Knights,Holy Cross Crusaders
Monmouth Hawks,Bucknell Bison
Robert Morris Colonials,Drexel Dragons
Albion Britons,Evansville Aces
Boston University Terriers,Elon Phoenix
Bowling Green Falcons,Hartford Hawks
Wright State Raiders,Indiana State Sycamores
Arkansas State Red Wolves,Lehigh Mountain Hawks
Wilberforce Bulldogs,Miami (OH) RedHawks
Tennessee Tech Golden Eagles,Chattanooga Mocs
Cleveland State Vikings,Toledo Rockets
USC Upstate Spartans,Western Michigan Broncos
Belmont Bruins,Green Bay Phoenix
UMKC Kangaroos,Purdue Fort Wayne Mastodons
Eastern Kentucky Colonels,High Point Panthers
Hartwick Hawks,Binghamton Bearcats
Hofstra Pride,Kennesaw State Owls
NJIT Highlanders,Massachusetts-Lowell River Hawks
Cal Poly Mustangs,Fresno State Bulldogs
San Diego State Aztecs,Illinois State Redbirds
Eastern Michigan Eagles,Northeastern Huskies
Harvard Crimson,Siena Saints
Maine Black Bears,Saint Peter's Peacocks
UT Rio Grande Valley Vaqueros,UT Arlington Mavericks
Savannah State Tigers,Gardner-Webb Runnin' Bulldogs
Southern Illinois Salukis,SIUE Cougars
Eastern Illinois Panthers,Chicago State Cougars
VMI Keydets,Longwood Lancers
Sam Houston State Bearkats,Little Rock Trojans
Western Carolina Catamounts,Furman Paladins
Norfolk State Spartans,Kent State Golden Flashes
Brown Bears,Navy Midshipmen
Presbyterian Blue Hose,North Carolina A&T Aggies
George Washington Colonials,Princeton Tigers
Delaware State Hornets,St. Bonaventure Bonnies
George Mason Patriots,William & Mary Tribe
Regent Royals,Hampton Pirates
Idaho Vandals,North Dakota Fighting Hawks
Loyola Chicago Ramblers,UIC Flames
McNeese State Cowboys,North Carolina Central Eagles
Bakersfield Roadrunners,South Dakota Coyotes
Detroit Titans,Akron Zips
North Florida Ospreys,Charleston Southern Buccaneers
South Carolina State Bulldogs,Jacksonville Dolphins
Georgia State Panthers,Liberty Flames
Northern Colorado Bears,Wyoming Cowboys
Drake Bulldogs,North Dakota State Bison
Fordham Rams,Manhattan Jaspers
Davidson Wildcats,UNCW Seahawks
Northern Arizona Lumberjacks,Santa Clara Broncos
Iona Gaels,VCU Rams
East Tennessee State Buccaneers,Wofford Terriers
Austin Peay Governors,Alabama A&M Bulldogs
Quinnipiac Bobcats,Stony Brook Seawolves
Western Illinois Leathernecks,Southeast Missouri State Redhawks
New Mexico Lobos,Bradley Braves
Prairie View A&M Panthers,Murray State Racers
Abilene Christian Wildcats,Pepperdine Waves
Eastern Washington Eagles,Seattle Redhawks
Southern University Jaguars,Louisiana Ragin' Cajuns
Florida A&M Rattlers,South Alabama Jaguars
UNC Asheville Bulldogs,UT Martin Skyhawks
Cal Lutheran Kingsmen,Cal State Fullerton Titans
Boise State Broncos,Grand Canyon Antelopes
BYU Cougars,Weber State Wildcats
Denver Pioneers,Utah Valley Wolverines
UNI Panthers,South Dakota State Jackrabbits
Utah State Aggies,UC Irvine Anteaters
Sacramento State Hornets,CSUN Matadors
Air Force Falcons,Pacific Tigers
Long Beach State 49ers,San Diego Toreros
Mississippi Valley State Delta Devils,California Baptist Lancers
Portland Bible Wildcats,Portland State Vikings
Colgate Raiders,FGCU Eagles
Delaware Fightin' Blue Hens,Columbia Lions
Sacred Heart Pioneers,Lafayette Leopards
UC Riverside Highlanders,Valparaiso Crusaders
UC Santa Barbara Gauchos,Washington Huskies
Morgan State Bears,Virginia Cavaliers
Troy Trojans,Florida State Seminoles
Rutgers Scarlet Knights,Wisconsin Badgers
Green Bay Phoenix,Wisconsin Lutheran Warriors
Buffalo Bulls,Saint Francis U Red Flash
Eastern Michigan Eagles,Rochester (MI) Warriors
Morehead State Eagles,Kentucky Christian Knights
Air Force Falcons,Johnson & Wales (CO) Wildcats
Akron Zips,Cedarville Yellow Jackets
Appalachian State Mountaineers,Mars Hill Lions
Army West Point Black Knights,Marist Red Foxes
Abilene Christian Wildcats,Arlington Baptist Patriots
Ball State Cardinals,Indiana State Sycamores
Bowling Green Falcons,Tiffin Dragons
Central Michigan Chippewas,Concordia (MI) Cardinals
Charleston Cougars,Presbyterian Blue Hose
Dartmouth Big Green,Newbury Nighthawks
Davidson Wildcats,Cleveland State Vikings
Fordham Rams,City College of New York Beavers
Furman Paladins,Bob Jones University Bruins
George Washington Colonials,Stony Brook Seawolves
George Mason Patriots,Penn Quakers
Georgia State Panthers,East Tennessee State Buccaneers
Hartford Hawks,Central Connecticut State Blue Devils
Harvard Crimson,MIT Engineers
Illinois State Redbirds,FGCU Eagles
Jacksonville Dolphins,Florida A&M Rattlers
James Madison Dukes,Eastern Mennonite Royals
Kansas Jayhawks,Michigan State Spartans
LIU Brooklyn Blackbirds,College of New Rochelle Blue Angels
New Hampshire Wildcats,Rivier Raiders
Radford Highlanders,Davis & Elkins Senators
Rhode Island Rams,Bryant Bulldogs
South Carolina State Bulldogs,Brevard College Tornados
VCU Rams,Gardner-Webb Runnin' Bulldogs
VMI Keydets,Washington College Shoremen
Western Michigan Broncos,Detroit Titans
Hampton Pirates,Mid-Atlantic Christian Mustangs
NJIT Highlanders,Colgate Raiders
Longwood Lancers,Randolph College Wildcats
Northern Kentucky Norse,Wilmington (OH) Quakers
Holy Cross Crusaders,Sacred Heart Pioneers
Campbell Fighting Camels,UNCW Seahawks
Coastal Carolina Chanticleers,Ferrum Panthers
Maryland Terrapins,Delaware Fightin' Blue Hens
Massachusetts Minutemen,Massachusetts-Lowell River Hawks
North Carolina A&T Aggies,UNCG Spartans
Sam Houston State Bearkats,East Texas Baptist Tigers
Samford Bulldogs,North Alabama Lions
Stephen F. Austin Lumberjacks,Texas Wesleyan Rams
Texas Tech Red Raiders,UIW Cardinals
Austin Peay Governors,Oakland City Mighty Oaks
Jackson State Tigers,Louisiana-Monroe Warhawks
Lamar Cardinals,Huston-Tillotson Rams
Loyola Marymount Lions,Westcliff Warriors
Nicholls Colonels,Mississippi College Choctaws
Northeastern Huskies,Boston University Terriers
Northern Illinois Huskies,Rockford University Regents
UNI Panthers,Bemidji State Beavers
Saint Louis Billikens,Southeast Missouri State Redhawks
Missouri State Bears,Oral Roberts Golden Eagles
UT Arlington Mavericks,Texas-Tyler Patriots
Troy Trojans,Fort Valley State Wildcats
UT Rio Grande Valley Vaqueros,Texas A&M-Commerce Lions
Valparaiso Crusaders,Concordia University (IL) Cougars
SIUE Cougars,Pacific Tigers
North Dakota Fighting Hawks,Northland LumberJacks
Binghamton Bearcats,Cornell Big Red
South Dakota State Jackrabbits,Grand Canyon Antelopes
Louisiana Ragin' Cajuns,Univ. of the Virgin Islands Buccaneers
Lipscomb Bisons,Sewanee Tigers
Charleston Southern Buccaneers,Columbia International Rams
Manhattan Jaspers,Elon Phoenix
Monmouth Hawks,Lehigh Mountain Hawks
Southern Utah Thunderbirds,West Coast Baptist Eagles
Denver Pioneers,Maine Black Bears
Loyola Chicago Ramblers,UMKC Kangaroos
Montana State Bobcats,Utah State Aggies
Northwestern State Demons,Centenary Gentlemen
Utah Valley Wolverines,Westminster (UT) Griffins
New Orleans Privateers,Spring Hill Badgers
UT Martin Skyhawks,Cumberland University Phoenix
New Mexico State Aggies,North Dakota State Bison
Kentucky Wildcats,Duke Blue Devils
UC Davis Aggies,San Francisco Dons
UC Irvine Anteaters,Idaho Vandals
Fresno State Bulldogs,Alaska-Anchorage Seawolves
CSUN Matadors,New Mexico Lobos
Portland Pilots,Multnomah Lions
San Diego Toreros,Weber State Wildcats
San Diego State Aztecs,UAPB Golden Lions
Wyoming Cowboys,UC Santa Barbara Gauchos
Cincinnati Bearcats,Ohio State Buckeyes
Dayton Flyers,North Florida Ospreys
Georgia Southern Eagles,Carver College Cougars
Howard Bison,Washington Adventist Shock
Ohio Bobcats,Wilberforce Bulldogs
St. Bonaventure Bonnies,Bucknell Bison
St. Francis Brooklyn Terriers,Medgar Evers Cougars
Saint Peter's Peacocks,Lafayette Leopards
Stetson Hatters,Johnson (FL) Suns
William & Mary Tribe,High Point Panthers
Wright State Raiders,Western Carolina Catamounts
Bradley Braves,Wisconsin-Parkside Rangers
Texas A&M-Corpus Christi Islanders,Howard Payne Yellow Jackets
South Dakota Coyotes,York (NE) Panthers
Kennesaw State Owls,Oglethorpe Stormy Petrels
Colorado State Rams,Colorado Christian Cougars
Cal Poly Mustangs,Menlo Oaks
Pepperdine Waves,Cal State-Dominguez Hills Toros
San Jose State Spartans,Life Pacific Warriors
Saint Mary's Gaels,McNeese State Cowboys
Cornell Big Red,SUNY-Canton Roos
East Tennessee State Buccaneers,Hiwassee College Tigers
George Washington Colonials,Siena Saints
Liberty Flames,Maine-Fort Kent Bengals
Louisville Cardinals,Nicholls Colonels
UNC Asheville Bulldogs,St. Andrews Presbyterian Knights
Purdue Fort Wayne Mastodons,Earlham Quakers
Norfolk State Spartans,Mid-Atlantic Christian Mustangs
FGCU Eagles,Southeastern University Fire
Little Rock Trojans,Southeastern Oklahoma State Savage Storm
Stephen F. Austin Lumberjacks,Southwestern Assemblies of God Lions
Drake Bulldogs,Buena Vista Beavers
Sam Houston State Bearkats,Southwestern University Pirates
Central Arkansas Bears,Hendrix College Warriors
South Dakota State Jackrabbits,Alabama State Hornets
Seattle Redhawks,Puget Sound Loggers
Eastern Michigan Eagles,Drexel Dragons
Omaha Mavericks,Buena Vista Beavers
Bakersfield Roadrunners,Antelope Valley Pioneers
Green Bay Phoenix,Indiana State Sycamores
Boston University Terriers,Vermont Catamounts
Central Michigan Chippewas,Chicago State Cougars
Clemson Tigers,North Carolina Central Eagles
Colgate Raiders,Monmouth Hawks
Davidson Wildcats,Dartmouth Big Green
George Mason Patriots,American University Eagles
Harvard Crimson,Northeastern Huskies
Massachusetts Minutemen,New Hampshire Wildcats
Mercer Bears,Piedmont Lions
Miami (FL) Hurricanes,Lehigh Mountain Hawks
Northern Illinois Huskies,Northern Kentucky Norse
Oakland Golden Grizzlies,Toledo Rockets
Princeton Tigers,DeSales Bulldogs
Richmond Spiders,Longwood Lancers
Saint Francis U Red Flash,Morgan State Bears
Texas Longhorns,Arkansas Razorbacks
VCU Rams,Hampton Pirates
Campbell Fighting Camels,Coastal Carolina Chanticleers
Georgia Tech Yellow Jackets,Lamar Cardinals
LIU Brooklyn Blackbirds,Brown Bears
Mississippi State Bulldogs,Austin Peay Governors
Samford Bulldogs,Jacksonville State Gamecocks
Hofstra Pride,Mount St. Mary's Mountaineers
Alcorn State Braves,Blue Mountain College Toppers
Loyola Chicago Ramblers,Furman Paladins
Oral Roberts Golden Eagles,Southwestern Moundbuilders
Southeastern Louisiana Lions,William Carey Crusaders
Missouri State Bears,Robert Morris Colonials
Texas State Bobcats,Air Force Falcons
Texas A&M-Corpus Christi Islanders,Our Lady of the Lake Saints
Binghamton Bearcats,NJIT Highlanders
UIW Cardinals,St. Francis (IL) Fighting Saints
Iona Gaels,Albany Great Danes
Grambling State Tigers,Jarvis Christian Bulldogs
Montana Grizzlies,Georgia State Panthers
New Mexico State Aggies,UTEP Miners
Northern Colorado Bears,Colorado College Tigers
Radford Highlanders,UIC Flames
Texas Tech Red Raiders,Mississippi Valley State Delta Devils
Utah State Aggies,Hartford Hawks
Abilene Christian Wildcats,Arkansas State Red Wolves
Weber State Wildcats,Bethesda Flames
BYU Cougars,Utah Valley Wolverines
UC Davis Aggies,San Diego Toreros
Santa Clara Broncos,Prairie View A&M Panthers
California Baptist Lancers,San Diego Christian Hawks
Sacramento State Hornets,Simpson University (CA) Red Hawks
Hawaii Rainbow Warriors,Portland Pilots
Western Carolina Catamounts,Charleston Cougars
Florida A&M Rattlers,Tuskegee Golden Tigers
UMBC Retrievers,Shenandoah Hornets
Louisiana-Monroe Warhawks,Millsaps Majors
IUPUI Jaguars,Eastern Illinois Panthers
Massachusetts-Lowell River Hawks,Wagner Seahawks
Bradley Braves,Southeast Missouri State Redhawks
Northern Arizona Lumberjacks,Jacksonville Dolphins
St. Bonaventure Bonnies,Jackson State Tigers
Wake Forest Demon Deacons,North Carolina A&T Aggies
High Point Panthers,Wofford Terriers
La Salle Explorers,Lafayette Leopards
Western Illinois Leathernecks,North Park Vikings
Colorado State Rams,UAPB Golden Lions
USC Upstate Spartans,Brevard College Tornados
Lipscomb Bisons,Tennessee State Tigers
Akron Zips,Youngstown State Penguins
Duquesne Dukes,William & Mary Tribe
Cal State Fullerton Titans,West Coast Baptist Eagles
San Francisco Dons,Maine Black Bears
South Dakota State Jackrabbits,Bemidji State Beavers
Saint Peter's Peacocks,Delaware Fightin' Blue Hens
Bucknell Bison,Fairfield Stags
Dayton Flyers,Coppin State Eagles
Long Beach State 49ers,Menlo Oaks
Marist Red Foxes,Columbia Lions
Chattanooga Mocs,Eastern Kentucky Colonels
Tennessee Tech Golden Eagles,Presbyterian Blue Hose
Toledo Rockets,Wilberforce Bulldogs
Milwaukee Panthers,North Dakota Fighting Hawks
Norfolk State Spartans,Clarion Golden Eagles
Cleveland State Vikings,Kent State Golden Flashes
Michigan Wolverines,Holy Cross Crusaders
Belmont Bruins,Illinois State Redbirds
Houston Baptist Huskies,Fordham Rams
Murray State Racers,Wright State Raiders
Saint Louis Billikens,Troy Trojans
UT Arlington Mavericks,UNI Panthers
SIUE Cougars,Winthrop Eagles
UIW Cardinals,Texas-Tyler Patriots
Boise State Broncos,Idaho State Bengals
Grand Canyon Antelopes,Delaware State Hornets
San Jose State Spartans,Southern Utah Thunderbirds
North Alabama Lions,Blue Mountain College Toppers
UNLV Runnin' Rebels,Loyola Marymount Lions
Pepperdine Waves,CSUN Matadors
Portland State Vikings,UC Riverside Highlanders
Hawaii Rainbow Warriors,Humboldt State Lumberjacks
Boston College Eagles,St. Francis Brooklyn Terriers
Boston University Terriers,Emerson Lions
Cornell Big Red,Colgate Raiders
VMI Keydets,Goucher Gophers
Eastern Michigan Eagles,Goshen Maple Leafs
NJIT Highlanders,Brown Bears
North Dakota State Bison,UC Santa Barbara Gauchos
Rutgers Scarlet Knights,Drexel Dragons
Howard Bison,Central Pennsylvania College Knights
Missouri State Bears,Stetson Hatters
Savannah State Tigers,Middle Georgia State Knights
Towson Tigers,Wesley College Wolverines
Loyola Maryland Greyhounds,Dartmouth Big Green
South Alabama Jaguars,Huntingdon Hawks
Northern Kentucky Norse,Wabash Little Giants
Alabama State Hornets,LaGrange Panthers
Saint Mary's Gaels,Utah Valley Wolverines
Montana State Bobcats,Presentation Saints
Seattle Redhawks,Bryant Bulldogs
New Hampshire Wildcats,Mount Saint Vincent Dolphins
Citadel Bulldogs,Mid-Atlantic Christian Mustangs
James Madison Dukes,Bridgewater (VA) Eagles
Maryland Terrapins,North Carolina A&T Aggies
UMBC Retrievers,Manhattan Jaspers
Miami (OH) RedHawks,Midway Eagles
Niagara Purple Eagles,St. Bonaventure Bonnies
Ohio Bobcats,Campbell Fighting Camels
Presbyterian Blue Hose,Welch Flames
South Florida Bulls,Austin Peay Governors
Saint Joseph's Hawks,Monmouth Hawks
VCU Rams,Bowling Green Falcons
Youngstown State Penguins,Heidelberg Student Princes
Binghamton Bearcats,Misericordia Cougars
Samford Bulldogs,Kennesaw State Owls
Southeast Missouri State Redhawks,Quincy Hawks
Sacred Heart Pioneers,Western New England Golden Bears
Duquesne Dukes,UIC Flames
New Orleans Privateers,Pensacola Christian College Eagles
Texas A&M-Corpus Christi Islanders,UT Rio Grande Valley Vaqueros
Central Arkansas Bears,University of the Ozarks Eagles
South Dakota Coyotes,Northern Arizona Lumberjacks
UIW Cardinals,Texas Lutheran Bulldogs
Arkansas State Red Wolves,Missouri Baptist Spartans
Grand Canyon Antelopes,Jacksonville Dolphins
Montana Grizzlies,Montana Tech Orediggers
UC Irvine Anteaters,Life Pacific Warriors
San Francisco Dons,Sonoma State Seawolves
Bethune-Cookman Wildcats,Trinity Baptist Eagles
Bucknell Bison,Canisius Golden Griffins
Central Connecticut State Blue Devils,Massachusetts-Lowell River Hawks
Charleston Cougars,Rhode Island Rams
Cleveland State Vikings,Urbana Blue Knights
Dartmouth Big Green,Elms College Blazers
Delaware Fightin' Blue Hens,Chestnut Hill Griffins
Eastern Kentucky Colonels,Midway Eagles
Furman Paladins,Gardner-Webb Runnin' Bulldogs
Georgia Southern Eagles,George Mason Patriots
Georgia State Panthers,Mercer Bears
Howard Bison,Regent Royals
Kent State Golden Flashes,Shawnee State Bears
Lehigh Mountain Hawks,Marist Red Foxes
Loyola Maryland Greyhounds,Delaware State Hornets
Massachusetts Minutemen,Harvard Crimson
Maryland Eastern Shore Hawks,Longwood Lancers
Miami (FL) Hurricanes,Stephen F. Austin Lumberjacks
UNCW Seahawks,UNCG Spartans
Oakland Golden Grizzlies,Western Michigan Broncos
Penn Quakers,Lafayette Leopards
Texas State Bobcats,Hardin-Simmons Cowboys
Chattanooga Mocs,Cumberland University Phoenix
Wagner Seahawks,SUNY-Cortland Red Dragons
Winthrop Eagles,Pfeiffer Falcons
Wofford Terriers,Carver College Cougars
Purdue Fort Wayne Mastodons,Manchester Spartans
Savannah State Tigers,Tennessee Tech Golden Eagles
Charleston Southern Buccaneers,South Carolina State Bulldogs
Fairfield Stags,LIU Brooklyn Blackbirds
Illinois State Redbirds,Chicago State Cougars
Oral Roberts Golden Eagles,California Baptist Lancers
Saint Louis Billikens,North Alabama Lions
Tennessee State Tigers,Little Rock Trojans
Liberty Flames,Trevecca Nazarene Trojans
BYU Cougars,Northwestern State Demons
Loyola Marymount Lions,CSUN Matadors
New Mexico Lobos,Iona Gaels
Northern Colorado Bears,Pepperdine Waves
Utah State Aggies,Mississippi Valley State Delta Devils
Idaho Vandals,Nicholls Colonels
UNLV Runnin' Rebels,UC Riverside Highlanders
Pacific Tigers,Cal State-Stanislaus Warriors
UC Santa Barbara Gauchos,Cal Lutheran Kingsmen
Richmond Spiders,St. Francis Brooklyn Terriers
Villanova Wildcats,Michigan Wolverines
Colgate Raiders,Nazareth College Golden Flyers
Citadel Bulldogs,Johnson (FL) Suns
Drexel Dragons,Bryn Athyn Lions
Fairleigh Dickinson Knights,Queens College Knights
Hofstra Pride,North Carolina A&T Aggies
Indiana State Sycamores,McKendree Bearcats
Navy Midshipmen,Coppin State Eagles
North Florida Ospreys,Edward Waters Tigers
Vermont Catamounts,Northern Vermont Hornets
VMI Keydets,USC Upstate Spartans
Wright State Raiders,Toledo Rockets
NJIT Highlanders,Kean Cougars
Bryant Bulldogs,Saint Peter's Peacocks
Robert Morris Colonials,Mount Aloysius Mounties
Samford Bulldogs,Miles Golden Bears
Albany Great Danes,Boston University Terriers
Alabama State Hornets,Birmingham-Southern Panthers
Bradley Braves,Jacksonville State Gamecocks
Loyola Chicago Ramblers,Niagara Purple Eagles
UT Rio Grande Valley Vaqueros,Prairie View A&M Panthers
Western Illinois Leathernecks,Dominican (IL) Stars
Omaha Mavericks,Northern Arizona Lumberjacks
Colorado State Rams,Montana State Bobcats
New Mexico State Aggies,Saint Mary's Gaels
Wyoming Cowboys,Grambling State Tigers
San Diego State Aztecs,Texas Southern Tigers
Presbyterian Blue Hose,Boyce Bulldogs
Central Michigan Chippewas,Bakersfield Roadrunners
Bethune-Cookman Wildcats,Johnson (FL) Suns
Bowling Green Falcons,North Carolina Central Eagles
Cornell Big Red,Delaware Fightin' Blue Hens
Evansville Aces,Kentucky Wesleyan Panthers
Elon Phoenix,Milligan Buffaloes
Furman Paladins,North Greenville Crusaders
Morgan State Bears,Lincoln (PA) Lions
Tennessee State Tigers,Carver College Cougars
Quinnipiac Bobcats,Hartford Hawks
Lipscomb Bisons,Belmont Bruins
West Virginia Mountaineers,Monmouth Hawks
UIC Flames,William & Mary Tribe
Weber State Wildcats,San Jose State Spartans
BYU Cougars,Oral Roberts Golden Eagles
Denver Pioneers,Abilene Christian Wildcats
Idaho State Bengals,Pacific Tigers
Iowa Hawkeyes,Oregon Ducks
California Golden Bears,Detroit Titans
San Diego Toreros,San Diego Christian Hawks
Santa Clara Broncos,UC Irvine Anteaters
UIW Cardinals,Montana Grizzlies
Central Connecticut State Blue Devils,Austin Peay Governors
Campbell Fighting Camels,Florida A&M Rattlers
North Dakota State Bison,Miami (OH) RedHawks
UMBC Retrievers,Air Force Falcons
Manhattan Jaspers,Coastal Carolina Chanticleers
Army West Point Black Knights,Sacred Heart Pioneers
Southeast Missouri State Redhawks,Jacksonville Dolphins
UMKC Kangaroos,Morehead State Eagles
Penn Quakers,UNI Panthers
Holy Cross Crusaders,Stony Brook Seawolves
South Dakota Coyotes,High Point Panthers
Monmouth Hawks,Valparaiso Crusaders
Akron Zips,Chicago State Cougars
American University Eagles,New Hampshire Wildcats
Cleveland State Vikings,South Carolina State Bulldogs
Dayton Flyers,Purdue Fort Wayne Mastodons
Fairleigh Dickinson Knights,NYIT Bears
Kent State Golden Flashes,Liberty Flames
Maryland Terrapins,Hofstra Pride
Massachusetts Minutemen,Howard Bison
Mercer Bears,UT Martin Skyhawks
UNCG Spartans,Johnson & Wales (NC) Wildcats
Rhode Island Rams,Harvard Crimson
Richmond Spiders,IUPUI Jaguars
Savannah State Tigers,Gardner-Webb Runnin' Bulldogs
Longwood Lancers,Delaware State Hornets
Northern Kentucky Norse,UNC Asheville Bulldogs
Brown Bears,Massachusetts-Lowell River Hawks
McNeese State Cowboys,Loyola (LA) Wolfpack
Loyola Chicago Ramblers,Grambling State Tigers
Murray State Racers,Spalding Golden Eagles
Pepperdine Waves,Towson Tigers
UT Arlington Mavericks,Texas A&M-Corpus Christi Islanders
FGCU Eagles,South Dakota State Jackrabbits
Eastern Washington Eagles,Green Bay Phoenix
South Alabama Jaguars,Chattanooga Mocs
Central Michigan Chippewas,Weber State Wildcats
Lehigh Mountain Hawks,Princeton Tigers
Siena Saints,Norfolk State Spartans
Youngstown State Penguins,Columbia Lions
Grand Canyon Antelopes,Arkansas State Red Wolves
San Francisco Dons,Arizona State Sun Devils
Utah State Aggies,Utah Valley Wolverines
Wyoming Cowboys,Niagara Purple Eagles
Sacramento State Hornets,Cal Poly Mustangs
Boise State Broncos,Jackson State Tigers
UNLV Runnin' Rebels,Oakland Golden Grizzlies
Stanford Cardinal,Wofford Terriers
North Dakota State Bison,UIW Cardinals
Duquesne Dukes,Radford Highlanders
Fairfield Stags,Wagner Seahawks
Western Michigan Broncos,Aquinas College Saints
Eastern Michigan Eagles,Boston University Terriers
Winthrop Eagles,East Tennessee State Buccaneers
Drake Bulldogs,Texas State Bobcats
Lamar Cardinals,Prairie View A&M Panthers
Northern Illinois Huskies,Illinois Tech Scarlet Hawks
Wright State Raiders,North Florida Ospreys
Texas A&M-Corpus Christi Islanders,UC Davis Aggies
Army West Point Black Knights,Massachusetts-Lowell River Hawks
Canisius Golden Griffins,Albany Great Danes
Fordham Rams,Youngstown State Penguins
George Mason Patriots,Southern University Jaguars
La Salle Explorers,Drexel Dragons
Western Carolina Catamounts,Hiwassee College Tigers
NJIT Highlanders,Cornell Big Red
North Dakota Fighting Hawks,Minnesota-Morris Cougars
Green Bay Phoenix,Morehead State Eagles
Coastal Carolina Chanticleers,UNC Asheville Bulldogs
Miami (OH) RedHawks,Montana Grizzlies
UC Santa Barbara Gauchos,Montana State Bobcats
Southeastern Louisiana Lions,Stetson Hatters
Eastern Kentucky Colonels,UNI Panthers
Southeast Missouri State Redhawks,Chattanooga Mocs
Brown Bears,Sacred Heart Pioneers
BYU Cougars,Alabama A&M Bulldogs
New Mexico Lobos,New Mexico State Aggies
Bakersfield Roadrunners,San Jose State Spartans
Eastern Washington Eagles,UMKC Kangaroos
Robert Morris Colonials,Mississippi Valley State Delta Devils
UC Riverside Highlanders,California Merced Bobcats
Northern Kentucky Norse,Manhattan Jaspers
Eastern Illinois Panthers,Western Illinois Leathernecks
UIC Flames,Bradley Braves
Pepperdine Waves,Georgia Southern Eagles
South Alabama Jaguars,Jacksonville Dolphins
Southern Illinois Salukis,UAPB Golden Lions
Tennessee State Tigers,Fisk University Bulldogs
UMBC Retrievers,High Point Panthers
Norfolk State Spartans,Stony Brook Seawolves
CSUN Matadors,Portland Pilots
Portland State Vikings,Willamette Bearcats
Appalachian State Mountaineers,Ball State Cardinals
Siena Saints,Holy Cross Crusaders
Towson Tigers,North Dakota State Bison
Evansville Aces,Texas Southern Tigers
UT Arlington Mavericks,UC Davis Aggies
Monmouth Hawks,Cal State Fullerton Titans
Massachusetts-Lowell River Hawks,Sacred Heart Pioneers
Delaware Fightin' Blue Hens,Wilmington (DE) Wildcats
Lafayette Leopards,St. Francis Brooklyn Terriers
Navy Midshipmen,Bryant Bulldogs
UNCW Seahawks,Allen Yellow Jackets
North Carolina Central Eagles,Warren Wilson Owls
Troy Trojans,Central Arkansas Bears
Campbell Fighting Camels,Austin Peay Governors
Manhattan Jaspers,UNC Asheville Bulldogs
South Dakota Coyotes,Air Force Falcons
Brown Bears,Army West Point Black Knights
Kent State Golden Flashes,Alcorn State Braves
Seattle Redhawks,Southern Utah Thunderbirds
Chattanooga Mocs,Jacksonville Dolphins
Cleveland State Vikings,Samford Bulldogs
Fordham Rams,Columbia Lions
Idaho Vandals,Bethesda Flames
Central Michigan Chippewas,San Jose State Spartans
Davidson Wildcats,Northeastern Huskies
Michigan State Spartans,Tennessee Tech Golden Eagles
Pepperdine Waves,Miami (OH) RedHawks
Loyola Marymount Lions,Ohio Bobcats
Northern Kentucky Norse,Coastal Carolina Chanticleers
Georgia Southern Eagles,Montana Grizzlies
San Francisco Dons,LIU Brooklyn Blackbirds
Weber State Wildcats,Bakersfield Roadrunners
Central Connecticut State Blue Devils,Florida A&M Rattlers
Hawaii Rainbow Warriors,Northern Arizona Lumberjacks
Eastern Kentucky Colonels,Kennesaw State Owls
Utah Valley Wolverines,Hartford Hawks
Sam Houston State Bearkats,Jackson State Tigers
Colorado State Rams,Louisiana Ragin' Cajuns
Georgia State Panthers,St. Bonaventure Bonnies
Long Beach State 49ers,Iona Gaels
Hampton Pirates,Bowling Green Falcons
High Point Panthers,Air Force Falcons
Richmond Spiders,Loyola Chicago Ramblers
Colgate Raiders,Binghamton Bearcats
Delaware State Hornets,College of Saint Elizabeth Eagles
East Tennessee State Buccaneers,Chicago State Cougars
Massachusetts Minutemen,UAPB Golden Lions
UNCG Spartans,Prairie View A&M Panthers
Oakland Golden Grizzlies,Defiance Yellow Jackets
Rider Broncs,Coppin State Eagles
Rutgers Scarlet Knights,Eastern Michigan Eagles
Stetson Hatters,Robert Morris Colonials
Albany Great Danes,SUNY-Oneonta Red Dragons
Charleston Southern Buccaneers,Trinity Baptist Eagles
Detroit Titans,Loyola Maryland Greyhounds
FGCU Eagles,Toledo Rockets
Lamar Cardinals,Arlington Baptist Patriots
Oral Roberts Golden Eagles,Ecclesia Royals
Southern Illinois Salukis,Howard Bison
South Alabama Jaguars,Southeast Missouri State Redhawks
Saint Mary's Gaels,Utah State Aggies
South Dakota Coyotes,UMBC Retrievers
Idaho State Bengals,Bethesda Flames
Portland Pilots,Lewis & Clark Pioneers
Illinois State Redbirds,Akron Zips
Jacksonville State Gamecocks,Western Carolina Catamounts
FGCU Eagles,Colorado State Rams
Chicago State Cougars,Jackson State Tigers
Boise State Broncos,St. Bonaventure Bonnies
Loyola Maryland Greyhounds,Hampton Pirates
Coastal Carolina Chanticleers,Methodist Monarchs
East Tennessee State Buccaneers,Sam Houston State Bearkats
George Mason Patriots,North Carolina Central Eagles
James Madison Dukes,Citadel Bulldogs
Kent State Golden Flashes,Savannah State Tigers
Mercer Bears,Maryland Eastern Shore Hawks
Mississippi Valley State Delta Devils,Southeastern Louisiana Lions
Morgan State Bears,Navy Midshipmen
New Hampshire Wildcats,Quinnipiac Bobcats
VMI Keydets,Kentucky Christian Knights
Wagner Seahawks,NJIT Highlanders
William & Mary Tribe,Radford Highlanders
Purdue Fort Wayne Mastodons,South Carolina State Bulldogs
Norfolk State Spartans,Regent Royals
Albany Great Danes,Holy Cross Crusaders
North Alabama Lions,Martin Methodist RedHawks
Belmont Bruins,Trevecca Nazarene Trojans
Detroit Titans,Bowling Green Falcons
McNeese State Cowboys,Mobile Rams
Toledo Rockets,Louisiana Ragin' Cajuns
Bethune-Cookman Wildcats,Omaha Mavericks
Milwaukee Panthers,LIU Brooklyn Blackbirds
North Dakota Fighting Hawks,Concordia (NE) Bulldogs
Grambling State Tigers,Champion Baptist College Tigers
Stephen F. Austin Lumberjacks,Marist Red Foxes
UNLV Runnin' Rebels,Pacific Tigers
CSUN Matadors,Tennessee State Tigers
Sacramento State Hornets,UC Davis Aggies
St. Bonaventure Bonnies,Akron Zips
Boise State Broncos,Illinois State Redbirds
Colorado State Rams,South Dakota State Jackrabbits
Iona Gaels,Hartford Hawks
Brown Bears,Salve Regina Seahawks
Drexel Dragons,Boston University Terriers
North Florida Ospreys,Jacksonville State Gamecocks
UT Martin Skyhawks,Western Illinois Leathernecks
Long Beach State 49ers,Utah Valley Wolverines
Mount St. Mary's Mountaineers,North Carolina A&T Aggies
Wyoming Cowboys,Richmond Spiders
Siena Saints,Lehigh Mountain Hawks
Stony Brook Seawolves,Molloy Lions
Furman Paladins,Southern Wesleyan Warriors
Hofstra Pride,Cal State Fullerton Titans
Jacksonville Dolphins,Florida Memorial Lions
UMKC Kangaroos,Drake Bulldogs
Princeton Tigers,Fairleigh Dickinson Knights
Vermont Catamounts,Yale Bulldogs
Wofford Terriers,Coppin State Eagles
Youngstown State Penguins,Westminster (PA) Titans
Army West Point Black Knights,SUNY-Maritime Privateers
Boston College Eagles,Loyola Chicago Ramblers
Cal Poly Mustangs,Texas State Bobcats
Toledo Rockets,UC Irvine Anteaters
New Mexico State Aggies,Eastern New Mexico Greyhounds
Valparaiso Crusaders,SIUE Cougars
Texas A&M-Corpus Christi Islanders,St. Mary's (TX) Rattlers
UIW Cardinals,Northern Colorado Bears
Loyola Marymount Lions,Central Connecticut State Blue Devils
Portland Pilots,USC Upstate Spartans
San Francisco Dons,Harvard Crimson
Massachusetts Minutemen,Southern Illinois Salukis
Pacific Tigers,UC Riverside Highlanders
Abilene Christian Wildcats,Elon Phoenix
Northern Illinois Huskies,Oral Roberts Golden Eagles
Western Michigan Broncos,Southern University Jaguars
Stetson Hatters,VMI Keydets
Wofford Terriers,Mars Hill Lions
UAPB Golden Lions,California Baptist Lancers
Liberty Flames,Alcorn State Braves
Massachusetts-Lowell River Hawks,Massachusetts-Boston Beacons
Oakland Golden Grizzlies,James Madison Dukes
North Carolina Central Eagles,Nicholls Colonels
Seattle Redhawks,Denver Pioneers
Charleston Southern Buccaneers,Coppin State Eagles
Michigan Wolverines,Chattanooga Mocs
Niagara Purple Eagles,Grambling State Tigers
Eastern Illinois Panthers,Gardner-Webb Runnin' Bulldogs
Little Rock Trojans,Howard Bison
Longwood Lancers,Fairfield Stags
Delaware Fightin' Blue Hens,UNCG Spartans
UC Santa Barbara Gauchos,Portland State Vikings
Tennessee Tech Golden Eagles,Louisiana-Monroe Warhawks
Purdue Fort Wayne Mastodons,Samford Bulldogs
IUPUI Jaguars,St. Francis Brooklyn Terriers
Arkansas State Red Wolves,UNCW Seahawks
McNeese State Cowboys,Mississippi College Choctaws
Northwestern State Demons,Alabama A&M Bulldogs
USC Upstate Spartans,Texas State Bobcats
Ohio State Buckeyes,Cleveland State Vikings
UT Rio Grande Valley Vaqueros,Lamar Cardinals
Milwaukee Panthers,Albany Great Danes
Pacific Tigers,Abilene Christian Wildcats
Idaho Vandals,Northwest Nazarene Crusaders
UNLV Runnin' Rebels,Southern Utah Thunderbirds
Portland Pilots,Cal Poly Mustangs
Elon Phoenix,UC Riverside Highlanders
North Carolina Central Eagles,Southern University Jaguars
James Madison Dukes,Northern Illinois Huskies
Troy Trojans,North Alabama Lions
Davidson Wildcats,Northeastern Huskies
UMBC Retrievers,American University Eagles
New Orleans Privateers,Governors State Jaguars
Nicholls Colonels,Western Michigan Broncos
Alcorn State Braves,Savannah State Tigers
Ball State Cardinals,Evansville Aces
Bradley Braves,Chicago State Cougars
Eastern Michigan Eagles,Detroit Titans
Hartford Hawks,Western New England Golden Bears
Howard Bison,California Baptist Lancers
LIU Brooklyn Blackbirds,NJIT Highlanders
Miami (OH) RedHawks,Army West Point Black Knights
Ohio Bobcats,Austin Peay Governors
Penn Quakers,Stockton Ospreys
Rhode Island Rams,Stony Brook Seawolves
Siena Saints,Colgate Raiders
Wagner Seahawks,Rider Broncs
Western Carolina Catamounts,Jacksonville Dolphins
Winthrop Eagles,Warren Wilson Owls
Binghamton Bearcats,Sacred Heart Pioneers
Omaha Mavericks,Montana State Bobcats
Oakland Golden Grizzlies,Oral Roberts Golden Eagles
Denver Pioneers,Longwood Lancers
Illinois State Redbirds,Lindenwood Lions
UMKC Kangaroos,Avila Eagles
Monmouth Hawks,Princeton Tigers
East Tennessee State Buccaneers,North Dakota State Bison
George Washington Colonials,Manhattan Jaspers
Maryland Eastern Shore Hawks,Central Pennsylvania College Knights
Saint Louis Billikens,Central Arkansas Bears
William & Mary Tribe,Saint Joseph's Hawks
IUPUI Jaguars,Grambling State Tigers
Kennesaw State Owls,Belmont Bruins
UIC Flames,Wisconsin-Parkside Rangers
Little Rock Trojans,UAPB Golden Lions
Arkansas State Red Wolves,Eastern Illinois Panthers
San Francisco Dons,Dartmouth Big Green
Cal Poly Mustangs,USC Upstate Spartans
San Jose State Spartans,Santa Clara Broncos
Seattle Redhawks,Fairfield Stags
Utah Valley Wolverines,North Dakota Fighting Hawks
Niagara Purple Eagles,St. Francis Brooklyn Terriers
VCU Rams,Hofstra Pride
Portland State Vikings,Northwest Nazarene Crusaders
Gardner-Webb Runnin' Bulldogs,UNCW Seahawks
Murray State Racers,Missouri State Bears
Portland Pilots,Texas State Bobcats
Abilene Christian Wildcats,UC Riverside Highlanders
Saint Mary's Gaels,Harvard Crimson
Idaho Vandals,UC Santa Barbara Gauchos
San Diego Toreros,Jackson State Tigers
Sacramento State Hornets,Cal State Fullerton Titans
Loyola Marymount Lions,Florida A&M Rattlers
Pacific Tigers,Elon Phoenix
Oral Roberts Golden Eagles,James Madison Dukes
Central Michigan Chippewas,Siena Heights Saints
Duquesne Dukes,Massachusetts-Lowell River Hawks
Eastern Illinois Panthers,UNCW Seahawks
Morgan State Bears,Mount St. Mary's Mountaineers
Columbia Lions,St. Joseph's (NY-Brooklyn) Bears
Fordham Rams,Alabama A&M Bulldogs
Liberty Flames,Savannah State Tigers
Vermont Catamounts,Bucknell Bison
Quinnipiac Bobcats,Maine Black Bears
Morehead State Eagles,Lipscomb Bisons
Oakland Golden Grizzlies,Northern Illinois Huskies
Bowling Green Falcons,Drexel Dragons
Denver Pioneers,Fairfield Stags
Fairleigh Dickinson Knights,Lafayette Leopards
SIUE Cougars,UIW Cardinals
Arkansas State Red Wolves,Gardner-Webb Runnin' Bulldogs
Central Connecticut State Blue Devils,Pine Manor Gators
UNC Asheville Bulldogs,Furman Paladins
Hawaii Rainbow Warriors,Fresno State Bulldogs
Cleveland State Vikings,Purdue Fort Wayne Mastodons
Stephen F. Austin Lumberjacks,St. Edwards Hilltoppers
Brown Bears,Bryant Bulldogs
Richmond Spiders,Hampton Pirates
Seattle Redhawks,Longwood Lancers
Towson Tigers,Loyola Maryland Greyhounds
USC Trojans,Bakersfield Roadrunners
Samford Bulldogs,South Carolina State Bulldogs
Grand Canyon Antelopes,La Salle Explorers
Appalachian State Mountaineers,Winston-Salem State Rams
Bethune-Cookman Wildcats,Stetson Hatters
Radford Highlanders,Glenville State Pioneers
Southeastern Louisiana Lions,Louisiana College Wildcats
UT Rio Grande Valley Vaqueros,Texas A&M-Corpus Christi Islanders
Pepperdine Waves,Idaho State Bengals
Saint Francis U Red Flash,Bloomsburg Huskies
Sacred Heart Pioneers,Hartford Hawks
Abilene Christian Wildcats,Howard Payne Yellow Jackets
Ball State Cardinals,Tiffin Dragons
Citadel Bulldogs,High Point Panthers
Elon Phoenix,Central Pennsylvania College Knights
Georgia Southern Eagles,East Tennessee State Buccaneers
Southern University Jaguars,Wiley Wildcats
Mercer Bears,Brewton-Parker College Barons
UNCG Spartans,Greensboro Pride
Ohio Bobcats,Iona Gaels
Chattanooga Mocs,Hiwassee College Tigers
VMI Keydets,American University Eagles
Wright State Raiders,Cedarville Yellow Jackets
Norfolk State Spartans,Stony Brook Seawolves
Delaware State Hornets,Penn Quakers
Northwestern State Demons,Louisiana-Monroe Warhawks
Southeast Missouri State Redhawks,Missouri Science & Technology Miners
Morehead State Eagles,Northern Kentucky Norse
Drake Bulldogs,Boise State Broncos
Colorado State Rams,Southern Illinois Salukis
Montana State Bobcats,North Dakota Fighting Hawks
Washington Huskies,Eastern Washington Eagles
Weber State Wildcats,Benedictine Mesa Redhawks
Idaho Vandals,West Coast Baptist Eagles
San Diego State Aztecs,Jackson State Tigers
Jacksonville State Gamecocks,Carver College Cougars
Akron Zips,Alabama State Hornets
Bucknell Bison,Northeastern Huskies
Charleston Cougars,South Carolina State Bulldogs
Detroit Titans,Kent State Golden Flashes
Drexel Dragons,NJIT Highlanders
Evansville Aces,Wyoming Cowboys
George Washington Colonials,Vermont Catamounts
George Mason Patriots,Morgan State Bears
Harvard Crimson,Holy Cross Crusaders
Hofstra Pride,Siena Saints
Lafayette Leopards,Cornell Big Red
Maine Black Bears,Princeton Tigers
Massachusetts Minutemen,Quinnipiac Bobcats
Navy Midshipmen,Liberty Flames
New Hampshire Wildcats,Boston University Terriers
Presbyterian Blue Hose,St. Francis Brooklyn Terriers
Rhode Island Rams,Brown Bears
Robert Morris Colonials,Youngstown State Penguins
St. Bonaventure Bonnies,Canisius Golden Griffins
Saint Joseph's Hawks,UIC Flames
Tennessee Tech Golden Eagles,Winthrop Eagles
Toledo Rockets,North Alabama Lions
North Carolina Central Eagles,Christendom College Crusaders
IUPUI Jaguars,Bradley Braves
USC Upstate Spartans,Gardner-Webb Runnin' Bulldogs
Bryant Bulldogs,Yale Bulldogs
Army West Point Black Knights,Binghamton Bearcats
Sam Houston State Bearkats,Central Michigan Chippewas
Eastern Illinois Panthers,Purdue Fort Wayne Mastodons
Illinois State Redbirds,BYU Cougars
Mississippi Valley State Delta Devils,Rust College Bearcats
New Orleans Privateers,Louisiana Ragin' Cajuns
Nicholls Colonels,Spring Hill Badgers
Western Illinois Leathernecks,SIUE Cougars
Green Bay Phoenix,Northern Illinois Huskies
Central Arkansas Bears,Little Rock Trojans
South Dakota State Jackrabbits,UMKC Kangaroos
Denver Pioneers,Northern Colorado Bears
Utah State Aggies,UNI Panthers
Utah Valley Wolverines,Western State Mountaineers
Air Force Falcons,Missouri State Bears
Fresno State Bulldogs,Pacific Tigers
San Jose State Spartans,Indiana State Sycamores
Seattle Redhawks,Northwest University Eagles
Saint Mary's Gaels,UC Irvine Anteaters
UNLV Runnin' Rebels,Valparaiso Crusaders
Dartmouth Big Green,Marist Red Foxes
Albany Great Danes,LIU Brooklyn Blackbirds
Campbell Fighting Camels,Trinity Baptist Eagles
James Madison Dukes,Coppin State Eagles
Norfolk State Spartans,Hampton Pirates
North Carolina A&T Aggies,Central Connecticut State Blue Devils
Samford Bulldogs,Belmont Bruins
Chicago State Cougars,East-West University Phantoms
Troy Trojans,Austin Peay Governors
North Florida Ospreys,Florida A&M Rattlers
Southern Utah Thunderbirds,San Diego Christian Hawks
Texas Southern Tigers,Huston-Tillotson Rams
Idaho State Bengals,Montana-Western Bulldogs
UC Davis Aggies,Northern Arizona Lumberjacks
Loyola Marymount Lions,Bethesda Flames
UC Santa Barbara Gauchos,Sacramento State Hornets
Santa Clara Broncos,Jackson State Tigers
UC Riverside Highlanders,California Baptist Lancers
Buffalo Bulls,Milwaukee Panthers
Stephen F. Austin Lumberjacks,San Francisco Dons
Morehead State Eagles,Ohio Chillicothe Hilltoppers
Albany Great Danes,Dartmouth Big Green
LIU Brooklyn Blackbirds,Marist Red Foxes
American University Eagles,Wagner Seahawks
Maryland Eastern Shore Hawks,Delaware Fightin' Blue Hens
Saint Francis U Red Flash,Niagara Purple Eagles
Towson Tigers,Vermont Catamounts
Northern Kentucky Norse,UMBC Retrievers
Stephen F. Austin Lumberjacks,Milwaukee Panthers
Alcorn State Braves,Rust College Bearcats
Army West Point Black Knights,Fairfield Stags
Citadel Bulldogs,Mercer Bears
Loyola Maryland Greyhounds,Mount St. Mary's Mountaineers
IUPUI Jaguars,Ball State Cardinals
North Alabama Lions,Jacksonville State Gamecocks
Bryant Bulldogs,New Hampshire Wildcats
Holy Cross Crusaders,Fairleigh Dickinson Knights
Bucknell Bison,Monmouth Hawks
Drexel Dragons,Robert Morris Colonials
Evansville Aces,Albion Britons
Elon Phoenix,Boston University Terriers
Hartford Hawks,Bowling Green Falcons
Indiana State Sycamores,Wright State Raiders
Lehigh Mountain Hawks,Arkansas State Red Wolves
Miami (OH) RedHawks,Wilberforce Bulldogs
Chattanooga Mocs,Tennessee Tech Golden Eagles
Toledo Rockets,Cleveland State Vikings
Western Michigan Broncos,USC Upstate Spartans
Green Bay Phoenix,Belmont Bruins
Purdue Fort Wayne Mastodons,UMKC Kangaroos
High Point Panthers,Eastern Kentucky Colonels
Binghamton Bearcats,Hartwick Hawks
Kennesaw State Owls,Hofstra Pride
Massachusetts-Lowell River Hawks,NJIT Highlanders
Fresno State Bulldogs,Cal Poly Mustangs
Illinois State Redbirds,San Diego State Aztecs
Northeastern Huskies,Eastern Michigan Eagles
Siena Saints,Harvard Crimson
Saint Peter's Peacocks,Maine Black Bears
UT Arlington Mavericks,UT Rio Grande Valley Vaqueros
Gardner-Webb Runnin' Bulldogs,Savannah State Tigers
SIUE Cougars,Southern Illinois Salukis
Chicago State Cougars,Eastern Illinois Panthers
Longwood Lancers,VMI Keydets
Little Rock Trojans,Sam Houston State Bearkats
Furman Paladins,Western Carolina Catamounts
Kent State Golden Flashes,Norfolk State Spartans
Navy Midshipmen,Brown Bears
North Carolina A&T Aggies,Presbyterian Blue Hose
Princeton Tigers,George Washington Colonials
St. Bonaventure Bonnies,Delaware State Hornets
William & Mary Tribe,George Mason Patriots
Hampton Pirates,Regent Royals
North Dakota Fighting Hawks,Idaho Vandals
UIC Flames,Loyola Chicago Ramblers
North Carolina Central Eagles,McNeese State Cowboys
South Dakota Coyotes,Bakersfield Roadrunners
Akron Zips,Detroit Titans
Charleston Southern Buccaneers,North Florida Ospreys
Jacksonville Dolphins,South Carolina State Bulldogs
Liberty Flames,Georgia State Panthers
Wyoming Cowboys,Northern Colorado Bears
North Dakota State Bison,Drake Bulldogs
Manhattan Jaspers,Fordham Rams
UNCW Seahawks,Davidson Wildcats
Santa Clara Broncos,Northern Arizona Lumberjacks
VCU Rams,Iona Gaels
Wofford Terriers,East Tennessee State Buccaneers
Alabama A&M Bulldogs,Austin Peay Governors
Stony Brook Seawolves,Quinnipiac Bobcats
Southeast Missouri State Redhawks,Western Illinois Leathernecks
Bradley Braves,New Mexico Lobos
Murray State Racers,Prairie View A&M Panthers
Pepperdine Waves,Abilene Christian Wildcats
Seattle Redhawks,Eastern Washington Eagles
Louisiana Ragin' Cajuns,Southern University Jaguars
South Alabama Jaguars,Florida A&M Rattlers
UT Martin Skyhawks,UNC Asheville Bulldogs
Cal State Fullerton Titans,Cal Lutheran Kingsmen
Grand Canyon Antelopes,Boise State Broncos
Weber State Wildcats,BYU Cougars
Utah Valley Wolverines,Denver Pioneers
South Dakota State Jackrabbits,UNI Panthers
UC Irvine Anteaters,Utah State Aggies
CSUN Matadors,Sacramento State Hornets
Pacific Tigers,Air Force Falcons
San Diego Toreros,Long Beach State 49ers
California Baptist Lancers,Mississippi Valley State Delta Devils
Portland State Vikings,Portland Bible Wildcats
FGCU Eagles,Colgate Raiders
Columbia Lions,Delaware Fightin' Blue Hens
Lafayette Leopards,Sacred Heart Pioneers
Valparaiso Crusaders,UC Riverside Highlanders
Washington Huskies,UC Santa Barbara Gauchos
Virginia Cavaliers,Morgan State Bears
Florida State Seminoles,Troy Trojans
Wisconsin Badgers,Rutgers Scarlet Knights
